--
-- PostgreSQL database dump
--

-- Dumped from database version 12.12 (Ubuntu 12.12-0ubuntu0.20.04.1)
-- Dumped by pg_dump version 12.12 (Ubuntu 12.12-0ubuntu0.20.04.1)

SET statement_timeout = 0;
SET lock_timeout = 0;
SET idle_in_transaction_session_timeout = 0;
SET client_encoding = 'UTF8';
SET standard_conforming_strings = on;
SELECT pg_catalog.set_config('search_path', '', false);
SET check_function_bodies = false;
SET xmloption = content;
SET client_min_messages = warning;
SET row_security = off;

SET default_tablespace = '';

SET default_table_access_method = heap;

--
-- Name: app_address; Type: TABLE; Schema: public; Owner: alexsey
--

CREATE TABLE public.app_address (
    id bigint NOT NULL,
    country_id bigint NOT NULL,
    city character varying(20) NOT NULL,
    street character varying(20) NOT NULL,
    number integer NOT NULL
);


ALTER TABLE public.app_address OWNER TO alexsey;

--
-- Name: app_address_id_seq; Type: SEQUENCE; Schema: public; Owner: alexsey
--

ALTER TABLE public.app_address ALTER COLUMN id ADD GENERATED BY DEFAULT AS IDENTITY (
    SEQUENCE NAME public.app_address_id_seq
    START WITH 1
    INCREMENT BY 1
    NO MINVALUE
    NO MAXVALUE
    CACHE 1
);


--
-- Name: app_contact; Type: TABLE; Schema: public; Owner: alexsey
--

CREATE TABLE public.app_contact (
    id bigint NOT NULL,
    email character varying(254) NOT NULL,
    address_fk_id bigint NOT NULL
);


ALTER TABLE public.app_contact OWNER TO alexsey;

--
-- Name: app_contact_id_seq; Type: SEQUENCE; Schema: public; Owner: alexsey
--

ALTER TABLE public.app_contact ALTER COLUMN id ADD GENERATED BY DEFAULT AS IDENTITY (
    SEQUENCE NAME public.app_contact_id_seq
    START WITH 1
    INCREMENT BY 1
    NO MINVALUE
    NO MAXVALUE
    CACHE 1
);


--
-- Name: app_country; Type: TABLE; Schema: public; Owner: alexsey
--

CREATE TABLE public.app_country (
    id bigint NOT NULL,
    country_name character varying(20) NOT NULL
);


ALTER TABLE public.app_country OWNER TO alexsey;

--
-- Name: app_country_id_seq; Type: SEQUENCE; Schema: public; Owner: alexsey
--

ALTER TABLE public.app_country ALTER COLUMN id ADD GENERATED BY DEFAULT AS IDENTITY (
    SEQUENCE NAME public.app_country_id_seq
    START WITH 1
    INCREMENT BY 1
    NO MINVALUE
    NO MAXVALUE
    CACHE 1
);


--
-- Name: app_dilercenter; Type: TABLE; Schema: public; Owner: alexsey
--

CREATE TABLE public.app_dilercenter (
    id bigint NOT NULL,
    name character varying(254) NOT NULL,
    debt numeric(12,2) NOT NULL,
    date_created date NOT NULL,
    contact_id bigint,
    provider_id bigint,
    user_id integer NOT NULL
);


ALTER TABLE public.app_dilercenter OWNER TO alexsey;

--
-- Name: app_dilercenter_employee; Type: TABLE; Schema: public; Owner: alexsey
--

CREATE TABLE public.app_dilercenter_employee (
    id bigint NOT NULL,
    dilercenter_id bigint NOT NULL,
    employee_id bigint NOT NULL
);


ALTER TABLE public.app_dilercenter_employee OWNER TO alexsey;

--
-- Name: app_dilercenter_employee_id_seq; Type: SEQUENCE; Schema: public; Owner: alexsey
--

ALTER TABLE public.app_dilercenter_employee ALTER COLUMN id ADD GENERATED BY DEFAULT AS IDENTITY (
    SEQUENCE NAME public.app_dilercenter_employee_id_seq
    START WITH 1
    INCREMENT BY 1
    NO MINVALUE
    NO MAXVALUE
    CACHE 1
);


--
-- Name: app_dilercenter_id_seq; Type: SEQUENCE; Schema: public; Owner: alexsey
--

ALTER TABLE public.app_dilercenter ALTER COLUMN id ADD GENERATED BY DEFAULT AS IDENTITY (
    SEQUENCE NAME public.app_dilercenter_id_seq
    START WITH 1
    INCREMENT BY 1
    NO MINVALUE
    NO MAXVALUE
    CACHE 1
);


--
-- Name: app_dilercenter_product; Type: TABLE; Schema: public; Owner: alexsey
--

CREATE TABLE public.app_dilercenter_product (
    id bigint NOT NULL,
    dilercenter_id bigint NOT NULL,
    product_id bigint NOT NULL
);


ALTER TABLE public.app_dilercenter_product OWNER TO alexsey;

--
-- Name: app_dilercenter_product_id_seq; Type: SEQUENCE; Schema: public; Owner: alexsey
--

ALTER TABLE public.app_dilercenter_product ALTER COLUMN id ADD GENERATED BY DEFAULT AS IDENTITY (
    SEQUENCE NAME public.app_dilercenter_product_id_seq
    START WITH 1
    INCREMENT BY 1
    NO MINVALUE
    NO MAXVALUE
    CACHE 1
);


--
-- Name: app_distributor; Type: TABLE; Schema: public; Owner: alexsey
--

CREATE TABLE public.app_distributor (
    id bigint NOT NULL,
    name character varying(254) NOT NULL,
    debt numeric(12,2) NOT NULL,
    date_created date NOT NULL,
    contact_id bigint,
    provider_id bigint,
    user_id integer NOT NULL
);


ALTER TABLE public.app_distributor OWNER TO alexsey;

--
-- Name: app_distributor_employee; Type: TABLE; Schema: public; Owner: alexsey
--

CREATE TABLE public.app_distributor_employee (
    id bigint NOT NULL,
    distributor_id bigint NOT NULL,
    employee_id bigint NOT NULL
);


ALTER TABLE public.app_distributor_employee OWNER TO alexsey;

--
-- Name: app_distributor_employee_id_seq; Type: SEQUENCE; Schema: public; Owner: alexsey
--

ALTER TABLE public.app_distributor_employee ALTER COLUMN id ADD GENERATED BY DEFAULT AS IDENTITY (
    SEQUENCE NAME public.app_distributor_employee_id_seq
    START WITH 1
    INCREMENT BY 1
    NO MINVALUE
    NO MAXVALUE
    CACHE 1
);


--
-- Name: app_distributor_id_seq; Type: SEQUENCE; Schema: public; Owner: alexsey
--

ALTER TABLE public.app_distributor ALTER COLUMN id ADD GENERATED BY DEFAULT AS IDENTITY (
    SEQUENCE NAME public.app_distributor_id_seq
    START WITH 1
    INCREMENT BY 1
    NO MINVALUE
    NO MAXVALUE
    CACHE 1
);


--
-- Name: app_distributor_product; Type: TABLE; Schema: public; Owner: alexsey
--

CREATE TABLE public.app_distributor_product (
    id bigint NOT NULL,
    distributor_id bigint NOT NULL,
    product_id bigint NOT NULL
);


ALTER TABLE public.app_distributor_product OWNER TO alexsey;

--
-- Name: app_distributor_product_id_seq; Type: SEQUENCE; Schema: public; Owner: alexsey
--

ALTER TABLE public.app_distributor_product ALTER COLUMN id ADD GENERATED BY DEFAULT AS IDENTITY (
    SEQUENCE NAME public.app_distributor_product_id_seq
    START WITH 1
    INCREMENT BY 1
    NO MINVALUE
    NO MAXVALUE
    CACHE 1
);


--
-- Name: app_employee; Type: TABLE; Schema: public; Owner: alexsey
--

CREATE TABLE public.app_employee (
    id bigint NOT NULL,
    name character varying(254) NOT NULL
);


ALTER TABLE public.app_employee OWNER TO alexsey;

--
-- Name: app_employee_id_seq; Type: SEQUENCE; Schema: public; Owner: alexsey
--

ALTER TABLE public.app_employee ALTER COLUMN id ADD GENERATED BY DEFAULT AS IDENTITY (
    SEQUENCE NAME public.app_employee_id_seq
    START WITH 1
    INCREMENT BY 1
    NO MINVALUE
    NO MAXVALUE
    CACHE 1
);


--
-- Name: app_factory; Type: TABLE; Schema: public; Owner: alexsey
--

CREATE TABLE public.app_factory (
    id bigint NOT NULL,
    name character varying(254) NOT NULL,
    debt numeric(12,2) NOT NULL,
    date_created date NOT NULL,
    contact_id bigint,
    user_id integer NOT NULL
);


ALTER TABLE public.app_factory OWNER TO alexsey;

--
-- Name: app_factory_employee; Type: TABLE; Schema: public; Owner: alexsey
--

CREATE TABLE public.app_factory_employee (
    id bigint NOT NULL,
    factory_id bigint NOT NULL,
    employee_id bigint NOT NULL
);


ALTER TABLE public.app_factory_employee OWNER TO alexsey;

--
-- Name: app_factory_employee_id_seq; Type: SEQUENCE; Schema: public; Owner: alexsey
--

ALTER TABLE public.app_factory_employee ALTER COLUMN id ADD GENERATED BY DEFAULT AS IDENTITY (
    SEQUENCE NAME public.app_factory_employee_id_seq
    START WITH 1
    INCREMENT BY 1
    NO MINVALUE
    NO MAXVALUE
    CACHE 1
);


--
-- Name: app_factory_id_seq; Type: SEQUENCE; Schema: public; Owner: alexsey
--

ALTER TABLE public.app_factory ALTER COLUMN id ADD GENERATED BY DEFAULT AS IDENTITY (
    SEQUENCE NAME public.app_factory_id_seq
    START WITH 1
    INCREMENT BY 1
    NO MINVALUE
    NO MAXVALUE
    CACHE 1
);


--
-- Name: app_factory_product; Type: TABLE; Schema: public; Owner: alexsey
--

CREATE TABLE public.app_factory_product (
    id bigint NOT NULL,
    factory_id bigint NOT NULL,
    product_id bigint NOT NULL
);


ALTER TABLE public.app_factory_product OWNER TO alexsey;

--
-- Name: app_factory_product_id_seq; Type: SEQUENCE; Schema: public; Owner: alexsey
--

ALTER TABLE public.app_factory_product ALTER COLUMN id ADD GENERATED BY DEFAULT AS IDENTITY (
    SEQUENCE NAME public.app_factory_product_id_seq
    START WITH 1
    INCREMENT BY 1
    NO MINVALUE
    NO MAXVALUE
    CACHE 1
);


--
-- Name: app_individualentrepreneur; Type: TABLE; Schema: public; Owner: alexsey
--

CREATE TABLE public.app_individualentrepreneur (
    id bigint NOT NULL,
    name character varying(254) NOT NULL,
    debt numeric(12,2) NOT NULL,
    date_created date NOT NULL,
    contact_id bigint,
    provider_id bigint,
    user_id integer NOT NULL
);


ALTER TABLE public.app_individualentrepreneur OWNER TO alexsey;

--
-- Name: app_individualentrepreneur_employee; Type: TABLE; Schema: public; Owner: alexsey
--

CREATE TABLE public.app_individualentrepreneur_employee (
    id bigint NOT NULL,
    individualentrepreneur_id bigint NOT NULL,
    employee_id bigint NOT NULL
);


ALTER TABLE public.app_individualentrepreneur_employee OWNER TO alexsey;

--
-- Name: app_individualentrepreneur_employee_id_seq; Type: SEQUENCE; Schema: public; Owner: alexsey
--

ALTER TABLE public.app_individualentrepreneur_employee ALTER COLUMN id ADD GENERATED BY DEFAULT AS IDENTITY (
    SEQUENCE NAME public.app_individualentrepreneur_employee_id_seq
    START WITH 1
    INCREMENT BY 1
    NO MINVALUE
    NO MAXVALUE
    CACHE 1
);


--
-- Name: app_individualentrepreneur_id_seq; Type: SEQUENCE; Schema: public; Owner: alexsey
--

ALTER TABLE public.app_individualentrepreneur ALTER COLUMN id ADD GENERATED BY DEFAULT AS IDENTITY (
    SEQUENCE NAME public.app_individualentrepreneur_id_seq
    START WITH 1
    INCREMENT BY 1
    NO MINVALUE
    NO MAXVALUE
    CACHE 1
);


--
-- Name: app_individualentrepreneur_product; Type: TABLE; Schema: public; Owner: alexsey
--

CREATE TABLE public.app_individualentrepreneur_product (
    id bigint NOT NULL,
    individualentrepreneur_id bigint NOT NULL,
    product_id bigint NOT NULL
);


ALTER TABLE public.app_individualentrepreneur_product OWNER TO alexsey;

--
-- Name: app_individualentrepreneur_product_id_seq; Type: SEQUENCE; Schema: public; Owner: alexsey
--

ALTER TABLE public.app_individualentrepreneur_product ALTER COLUMN id ADD GENERATED BY DEFAULT AS IDENTITY (
    SEQUENCE NAME public.app_individualentrepreneur_product_id_seq
    START WITH 1
    INCREMENT BY 1
    NO MINVALUE
    NO MAXVALUE
    CACHE 1
);


--
-- Name: app_product; Type: TABLE; Schema: public; Owner: alexsey
--

CREATE TABLE public.app_product (
    id bigint NOT NULL,
    title character varying(254) NOT NULL,
    model character varying(30) NOT NULL,
    date date NOT NULL
);


ALTER TABLE public.app_product OWNER TO alexsey;

--
-- Name: app_product_id_seq; Type: SEQUENCE; Schema: public; Owner: alexsey
--

ALTER TABLE public.app_product ALTER COLUMN id ADD GENERATED BY DEFAULT AS IDENTITY (
    SEQUENCE NAME public.app_product_id_seq
    START WITH 1
    INCREMENT BY 1
    NO MINVALUE
    NO MAXVALUE
    CACHE 1
);


--
-- Name: app_retailchain; Type: TABLE; Schema: public; Owner: alexsey
--

CREATE TABLE public.app_retailchain (
    id bigint NOT NULL,
    name character varying(254) NOT NULL,
    debt numeric(12,2) NOT NULL,
    date_created date NOT NULL,
    contact_id bigint,
    provider_id bigint,
    user_id integer NOT NULL
);


ALTER TABLE public.app_retailchain OWNER TO alexsey;

--
-- Name: app_retailchain_employee; Type: TABLE; Schema: public; Owner: alexsey
--

CREATE TABLE public.app_retailchain_employee (
    id bigint NOT NULL,
    retailchain_id bigint NOT NULL,
    employee_id bigint NOT NULL
);


ALTER TABLE public.app_retailchain_employee OWNER TO alexsey;

--
-- Name: app_retailchain_employee_id_seq; Type: SEQUENCE; Schema: public; Owner: alexsey
--

ALTER TABLE public.app_retailchain_employee ALTER COLUMN id ADD GENERATED BY DEFAULT AS IDENTITY (
    SEQUENCE NAME public.app_retailchain_employee_id_seq
    START WITH 1
    INCREMENT BY 1
    NO MINVALUE
    NO MAXVALUE
    CACHE 1
);


--
-- Name: app_retailchain_id_seq; Type: SEQUENCE; Schema: public; Owner: alexsey
--

ALTER TABLE public.app_retailchain ALTER COLUMN id ADD GENERATED BY DEFAULT AS IDENTITY (
    SEQUENCE NAME public.app_retailchain_id_seq
    START WITH 1
    INCREMENT BY 1
    NO MINVALUE
    NO MAXVALUE
    CACHE 1
);


--
-- Name: app_retailchain_product; Type: TABLE; Schema: public; Owner: alexsey
--

CREATE TABLE public.app_retailchain_product (
    id bigint NOT NULL,
    retailchain_id bigint NOT NULL,
    product_id bigint NOT NULL
);


ALTER TABLE public.app_retailchain_product OWNER TO alexsey;

--
-- Name: app_retailchain_product_id_seq; Type: SEQUENCE; Schema: public; Owner: alexsey
--

ALTER TABLE public.app_retailchain_product ALTER COLUMN id ADD GENERATED BY DEFAULT AS IDENTITY (
    SEQUENCE NAME public.app_retailchain_product_id_seq
    START WITH 1
    INCREMENT BY 1
    NO MINVALUE
    NO MAXVALUE
    CACHE 1
);


--
-- Name: auth_group; Type: TABLE; Schema: public; Owner: alexsey
--

CREATE TABLE public.auth_group (
    id integer NOT NULL,
    name character varying(150) NOT NULL
);


ALTER TABLE public.auth_group OWNER TO alexsey;

--
-- Name: auth_group_id_seq; Type: SEQUENCE; Schema: public; Owner: alexsey
--

ALTER TABLE public.auth_group ALTER COLUMN id ADD GENERATED BY DEFAULT AS IDENTITY (
    SEQUENCE NAME public.auth_group_id_seq
    START WITH 1
    INCREMENT BY 1
    NO MINVALUE
    NO MAXVALUE
    CACHE 1
);


--
-- Name: auth_group_permissions; Type: TABLE; Schema: public; Owner: alexsey
--

CREATE TABLE public.auth_group_permissions (
    id bigint NOT NULL,
    group_id integer NOT NULL,
    permission_id integer NOT NULL
);


ALTER TABLE public.auth_group_permissions OWNER TO alexsey;

--
-- Name: auth_group_permissions_id_seq; Type: SEQUENCE; Schema: public; Owner: alexsey
--

ALTER TABLE public.auth_group_permissions ALTER COLUMN id ADD GENERATED BY DEFAULT AS IDENTITY (
    SEQUENCE NAME public.auth_group_permissions_id_seq
    START WITH 1
    INCREMENT BY 1
    NO MINVALUE
    NO MAXVALUE
    CACHE 1
);


--
-- Name: auth_permission; Type: TABLE; Schema: public; Owner: alexsey
--

CREATE TABLE public.auth_permission (
    id integer NOT NULL,
    name character varying(255) NOT NULL,
    content_type_id integer NOT NULL,
    codename character varying(100) NOT NULL
);


ALTER TABLE public.auth_permission OWNER TO alexsey;

--
-- Name: auth_permission_id_seq; Type: SEQUENCE; Schema: public; Owner: alexsey
--

ALTER TABLE public.auth_permission ALTER COLUMN id ADD GENERATED BY DEFAULT AS IDENTITY (
    SEQUENCE NAME public.auth_permission_id_seq
    START WITH 1
    INCREMENT BY 1
    NO MINVALUE
    NO MAXVALUE
    CACHE 1
);


--
-- Name: auth_user; Type: TABLE; Schema: public; Owner: alexsey
--

CREATE TABLE public.auth_user (
    id integer NOT NULL,
    password character varying(128) NOT NULL,
    last_login timestamp with time zone,
    is_superuser boolean NOT NULL,
    username character varying(150) NOT NULL,
    first_name character varying(150) NOT NULL,
    last_name character varying(150) NOT NULL,
    email character varying(254) NOT NULL,
    is_staff boolean NOT NULL,
    is_active boolean NOT NULL,
    date_joined timestamp with time zone NOT NULL
);


ALTER TABLE public.auth_user OWNER TO alexsey;

--
-- Name: auth_user_groups; Type: TABLE; Schema: public; Owner: alexsey
--

CREATE TABLE public.auth_user_groups (
    id bigint NOT NULL,
    user_id integer NOT NULL,
    group_id integer NOT NULL
);


ALTER TABLE public.auth_user_groups OWNER TO alexsey;

--
-- Name: auth_user_groups_id_seq; Type: SEQUENCE; Schema: public; Owner: alexsey
--

ALTER TABLE public.auth_user_groups ALTER COLUMN id ADD GENERATED BY DEFAULT AS IDENTITY (
    SEQUENCE NAME public.auth_user_groups_id_seq
    START WITH 1
    INCREMENT BY 1
    NO MINVALUE
    NO MAXVALUE
    CACHE 1
);


--
-- Name: auth_user_id_seq; Type: SEQUENCE; Schema: public; Owner: alexsey
--

ALTER TABLE public.auth_user ALTER COLUMN id ADD GENERATED BY DEFAULT AS IDENTITY (
    SEQUENCE NAME public.auth_user_id_seq
    START WITH 1
    INCREMENT BY 1
    NO MINVALUE
    NO MAXVALUE
    CACHE 1
);


--
-- Name: auth_user_user_permissions; Type: TABLE; Schema: public; Owner: alexsey
--

CREATE TABLE public.auth_user_user_permissions (
    id bigint NOT NULL,
    user_id integer NOT NULL,
    permission_id integer NOT NULL
);


ALTER TABLE public.auth_user_user_permissions OWNER TO alexsey;

--
-- Name: auth_user_user_permissions_id_seq; Type: SEQUENCE; Schema: public; Owner: alexsey
--

ALTER TABLE public.auth_user_user_permissions ALTER COLUMN id ADD GENERATED BY DEFAULT AS IDENTITY (
    SEQUENCE NAME public.auth_user_user_permissions_id_seq
    START WITH 1
    INCREMENT BY 1
    NO MINVALUE
    NO MAXVALUE
    CACHE 1
);


--
-- Name: django_admin_log; Type: TABLE; Schema: public; Owner: alexsey
--

CREATE TABLE public.django_admin_log (
    id integer NOT NULL,
    action_time timestamp with time zone NOT NULL,
    object_id text,
    object_repr character varying(200) NOT NULL,
    action_flag smallint NOT NULL,
    change_message text NOT NULL,
    content_type_id integer,
    user_id integer NOT NULL,
    CONSTRAINT django_admin_log_action_flag_check CHECK ((action_flag >= 0))
);


ALTER TABLE public.django_admin_log OWNER TO alexsey;

--
-- Name: django_admin_log_id_seq; Type: SEQUENCE; Schema: public; Owner: alexsey
--

ALTER TABLE public.django_admin_log ALTER COLUMN id ADD GENERATED BY DEFAULT AS IDENTITY (
    SEQUENCE NAME public.django_admin_log_id_seq
    START WITH 1
    INCREMENT BY 1
    NO MINVALUE
    NO MAXVALUE
    CACHE 1
);


--
-- Name: django_content_type; Type: TABLE; Schema: public; Owner: alexsey
--

CREATE TABLE public.django_content_type (
    id integer NOT NULL,
    app_label character varying(100) NOT NULL,
    model character varying(100) NOT NULL
);


ALTER TABLE public.django_content_type OWNER TO alexsey;

--
-- Name: django_content_type_id_seq; Type: SEQUENCE; Schema: public; Owner: alexsey
--

ALTER TABLE public.django_content_type ALTER COLUMN id ADD GENERATED BY DEFAULT AS IDENTITY (
    SEQUENCE NAME public.django_content_type_id_seq
    START WITH 1
    INCREMENT BY 1
    NO MINVALUE
    NO MAXVALUE
    CACHE 1
);


--
-- Name: django_migrations; Type: TABLE; Schema: public; Owner: alexsey
--

CREATE TABLE public.django_migrations (
    id bigint NOT NULL,
    app character varying(255) NOT NULL,
    name character varying(255) NOT NULL,
    applied timestamp with time zone NOT NULL
);


ALTER TABLE public.django_migrations OWNER TO alexsey;

--
-- Name: django_migrations_id_seq; Type: SEQUENCE; Schema: public; Owner: alexsey
--

ALTER TABLE public.django_migrations ALTER COLUMN id ADD GENERATED BY DEFAULT AS IDENTITY (
    SEQUENCE NAME public.django_migrations_id_seq
    START WITH 1
    INCREMENT BY 1
    NO MINVALUE
    NO MAXVALUE
    CACHE 1
);


--
-- Name: django_session; Type: TABLE; Schema: public; Owner: alexsey
--

CREATE TABLE public.django_session (
    session_key character varying(40) NOT NULL,
    session_data text NOT NULL,
    expire_date timestamp with time zone NOT NULL
);


ALTER TABLE public.django_session OWNER TO alexsey;

--
-- Data for Name: app_address; Type: TABLE DATA; Schema: public; Owner: alexsey
--

COPY public.app_address (id, country_id, city, street, number) FROM stdin;
1	1	Минск	Есенина	41
2	4	Варшава	Ленина	12
3	3	Берлин	Народных республик	98
\.


--
-- Data for Name: app_contact; Type: TABLE DATA; Schema: public; Owner: alexsey
--

COPY public.app_contact (id, email, address_fk_id) FROM stdin;
1	qwr@qwe.qwe	1
2	wer@gqwe.cew	2
3	alexDedul@q.com	3
4	asdasd@fa.eqd	3
5	asdasd@fa.eqd	3
6	asdasd@fa.eqd	3
7	asdasd@fa.eqd	3
8	asdasd@fa.eqd	3
\.


--
-- Data for Name: app_country; Type: TABLE DATA; Schema: public; Owner: alexsey
--

COPY public.app_country (id, country_name) FROM stdin;
1	Беларусь
2	Литва
3	Германия
4	Польша
5	Украина
6	Россия
\.


--
-- Data for Name: app_dilercenter; Type: TABLE DATA; Schema: public; Owner: alexsey
--

COPY public.app_dilercenter (id, name, debt, date_created, contact_id, provider_id, user_id) FROM stdin;
1	Xiaomi дилер центр	-21.01	2022-11-08	2	1	1
2	Realme дилер центер	-30.01	2022-11-08	3	2	1
\.


--
-- Data for Name: app_dilercenter_employee; Type: TABLE DATA; Schema: public; Owner: alexsey
--

COPY public.app_dilercenter_employee (id, dilercenter_id, employee_id) FROM stdin;
1	1	7
2	2	7
\.


--
-- Data for Name: app_dilercenter_product; Type: TABLE DATA; Schema: public; Owner: alexsey
--

COPY public.app_dilercenter_product (id, dilercenter_id, product_id) FROM stdin;
1	1	6
2	1	7
3	2	2
4	2	3
\.


--
-- Data for Name: app_distributor; Type: TABLE DATA; Schema: public; Owner: alexsey
--

COPY public.app_distributor (id, name, debt, date_created, contact_id, provider_id, user_id) FROM stdin;
1	Xiaomi дистрибьютор	5.01	2022-11-08	3	1	1
2	Realme дистрибьютор	0.15	2022-11-08	1	2	1
\.


--
-- Data for Name: app_distributor_employee; Type: TABLE DATA; Schema: public; Owner: alexsey
--

COPY public.app_distributor_employee (id, distributor_id, employee_id) FROM stdin;
1	1	6
2	1	7
3	2	4
4	2	5
\.


--
-- Data for Name: app_distributor_product; Type: TABLE DATA; Schema: public; Owner: alexsey
--

COPY public.app_distributor_product (id, distributor_id, product_id) FROM stdin;
1	1	1
2	1	2
3	2	4
4	2	5
5	2	6
\.


--
-- Data for Name: app_employee; Type: TABLE DATA; Schema: public; Owner: alexsey
--

COPY public.app_employee (id, name) FROM stdin;
4	Иванов Иван Иванович
5	Денисов Андрей Петрович
6	Кабацкий Евгений Витальевич
7	Лецина Ольга Анатольевна
\.


--
-- Data for Name: app_factory; Type: TABLE DATA; Schema: public; Owner: alexsey
--

COPY public.app_factory (id, name, debt, date_created, contact_id, user_id) FROM stdin;
1	Xiaomi	100.00	2022-11-08	1	1
2	Realme	2.00	2022-11-08	2	1
3	Oneplus	0.00	2022-11-08	8	2
\.


--
-- Data for Name: app_factory_employee; Type: TABLE DATA; Schema: public; Owner: alexsey
--

COPY public.app_factory_employee (id, factory_id, employee_id) FROM stdin;
1	1	4
2	2	5
3	3	4
4	3	5
5	3	6
\.


--
-- Data for Name: app_factory_product; Type: TABLE DATA; Schema: public; Owner: alexsey
--

COPY public.app_factory_product (id, factory_id, product_id) FROM stdin;
1	1	1
2	1	6
3	1	7
4	2	2
5	2	3
6	2	4
7	2	5
8	3	2
9	3	3
10	3	4
11	3	5
\.


--
-- Data for Name: app_individualentrepreneur; Type: TABLE DATA; Schema: public; Owner: alexsey
--

COPY public.app_individualentrepreneur (id, name, debt, date_created, contact_id, provider_id, user_id) FROM stdin;
1	ИП Realme	-2.17	2022-11-08	3	1	1
2	ИП Xiaomi	-9.01	2022-11-08	1	2	1
\.


--
-- Data for Name: app_individualentrepreneur_employee; Type: TABLE DATA; Schema: public; Owner: alexsey
--

COPY public.app_individualentrepreneur_employee (id, individualentrepreneur_id, employee_id) FROM stdin;
1	1	4
2	1	7
3	2	4
4	2	7
\.


--
-- Data for Name: app_individualentrepreneur_product; Type: TABLE DATA; Schema: public; Owner: alexsey
--

COPY public.app_individualentrepreneur_product (id, individualentrepreneur_id, product_id) FROM stdin;
1	1	4
2	1	6
3	1	7
4	2	1
5	2	6
6	2	7
\.


--
-- Data for Name: app_product; Type: TABLE DATA; Schema: public; Owner: alexsey
--

COPY public.app_product (id, title, model, date) FROM stdin;
1	Xiaomi	redmi 10	2022-11-02
2	Realmi	C10	2022-11-01
3	Realmi	C11	2022-11-06
4	Realmi	C12	2022-11-06
5	Realmi	C13	2022-10-01
6	Xiaomi	redmi 11	2022-11-08
7	Xiaomi	redmi 12	2022-10-02
\.


--
-- Data for Name: app_retailchain; Type: TABLE DATA; Schema: public; Owner: alexsey
--

COPY public.app_retailchain (id, name, debt, date_created, contact_id, provider_id, user_id) FROM stdin;
1	Розничная сеть Realme	10.01	2022-11-08	1	2	1
2	Розничная сеть Xiaomi	-15.08	2022-11-08	3	1	1
\.


--
-- Data for Name: app_retailchain_employee; Type: TABLE DATA; Schema: public; Owner: alexsey
--

COPY public.app_retailchain_employee (id, retailchain_id, employee_id) FROM stdin;
1	1	4
2	1	5
3	1	6
4	2	6
5	2	7
\.


--
-- Data for Name: app_retailchain_product; Type: TABLE DATA; Schema: public; Owner: alexsey
--

COPY public.app_retailchain_product (id, retailchain_id, product_id) FROM stdin;
1	1	2
2	1	3
3	1	4
4	1	5
5	2	5
6	2	6
7	2	7
\.


--
-- Data for Name: auth_group; Type: TABLE DATA; Schema: public; Owner: alexsey
--

COPY public.auth_group (id, name) FROM stdin;
\.


--
-- Data for Name: auth_group_permissions; Type: TABLE DATA; Schema: public; Owner: alexsey
--

COPY public.auth_group_permissions (id, group_id, permission_id) FROM stdin;
\.


--
-- Data for Name: auth_permission; Type: TABLE DATA; Schema: public; Owner: alexsey
--

COPY public.auth_permission (id, name, content_type_id, codename) FROM stdin;
1	Can add log entry	1	add_logentry
2	Can change log entry	1	change_logentry
3	Can delete log entry	1	delete_logentry
4	Can view log entry	1	view_logentry
5	Can add permission	2	add_permission
6	Can change permission	2	change_permission
7	Can delete permission	2	delete_permission
8	Can view permission	2	view_permission
9	Can add group	3	add_group
10	Can change group	3	change_group
11	Can delete group	3	delete_group
12	Can view group	3	view_group
13	Can add user	4	add_user
14	Can change user	4	change_user
15	Can delete user	4	delete_user
16	Can view user	4	view_user
17	Can add content type	5	add_contenttype
18	Can change content type	5	change_contenttype
19	Can delete content type	5	delete_contenttype
20	Can view content type	5	view_contenttype
21	Can add session	6	add_session
22	Can change session	6	change_session
23	Can delete session	6	delete_session
24	Can view session	6	view_session
25	Can add address	7	add_address
26	Can change address	7	change_address
27	Can delete address	7	delete_address
28	Can view address	7	view_address
29	Can add contact	8	add_contact
30	Can change contact	8	change_contact
31	Can delete contact	8	delete_contact
32	Can view contact	8	view_contact
33	Can add country	9	add_country
34	Can change country	9	change_country
35	Can delete country	9	delete_country
36	Can view country	9	view_country
37	Can add product	10	add_product
38	Can change product	10	change_product
39	Can delete product	10	delete_product
40	Can view product	10	view_product
41	Can add factory	11	add_factory
42	Can change factory	11	change_factory
43	Can delete factory	11	delete_factory
44	Can view factory	11	view_factory
45	Can add dilercenter	12	add_dilercenter
46	Can change dilercenter	12	change_dilercenter
47	Can delete dilercenter	12	delete_dilercenter
48	Can view dilercenter	12	view_dilercenter
49	Can add distributor	13	add_distributor
50	Can change distributor	13	change_distributor
51	Can delete distributor	13	delete_distributor
52	Can view distributor	13	view_distributor
53	Can add retail chain	14	add_retailchain
54	Can change retail chain	14	change_retailchain
55	Can delete retail chain	14	delete_retailchain
56	Can view retail chain	14	view_retailchain
57	Can add individual entrepreneur	15	add_individualentrepreneur
58	Can change individual entrepreneur	15	change_individualentrepreneur
59	Can delete individual entrepreneur	15	delete_individualentrepreneur
60	Can view individual entrepreneur	15	view_individualentrepreneur
61	Can add employee	16	add_employee
62	Can change employee	16	change_employee
63	Can delete employee	16	delete_employee
64	Can view employee	16	view_employee
\.


--
-- Data for Name: auth_user; Type: TABLE DATA; Schema: public; Owner: alexsey
--

COPY public.auth_user (id, password, last_login, is_superuser, username, first_name, last_name, email, is_staff, is_active, date_joined) FROM stdin;
1	pbkdf2_sha256$390000$pFrEKfolv2WdcT0vk0HoQe$iudByMIPujMN6701hG4pDF67n45d1pEb5oxFx6PqOxY=	2022-11-08 09:27:22.495935+03	t	qwe				t	t	2022-11-08 09:27:08.831887+03
2	pbkdf2_sha256$390000$qYBzEwbKVQgYbzamqxR9ZG$eTMBWTwsgjt4rBe43E2w9hsSi9b5Jwp2qWoPOTdMpnM=	\N	f	asd				f	t	2022-11-08 09:40:59+03
\.


--
-- Data for Name: auth_user_groups; Type: TABLE DATA; Schema: public; Owner: alexsey
--

COPY public.auth_user_groups (id, user_id, group_id) FROM stdin;
\.


--
-- Data for Name: auth_user_user_permissions; Type: TABLE DATA; Schema: public; Owner: alexsey
--

COPY public.auth_user_user_permissions (id, user_id, permission_id) FROM stdin;
\.


--
-- Data for Name: django_admin_log; Type: TABLE DATA; Schema: public; Owner: alexsey
--

COPY public.django_admin_log (id, action_time, object_id, object_repr, action_flag, change_message, content_type_id, user_id) FROM stdin;
1	2022-11-08 09:27:37.467736+03	1	Беларусь	1	[{"added": {}}]	9	1
2	2022-11-08 09:27:39.874282+03	2	Литва	1	[{"added": {}}]	9	1
3	2022-11-08 09:27:41.955652+03	3	Германия	1	[{"added": {}}]	9	1
4	2022-11-08 09:27:43.939121+03	4	Польша	1	[{"added": {}}]	9	1
5	2022-11-08 09:27:46.096654+03	5	Украина	1	[{"added": {}}]	9	1
6	2022-11-08 09:27:49.165922+03	6	Россия	1	[{"added": {}}]	9	1
7	2022-11-08 09:28:07.312129+03	1	Беларусь Минск Есенина 41	1	[{"added": {}}]	7	1
8	2022-11-08 09:28:18.319154+03	2	Польша Варшава Ленина 12	1	[{"added": {}}]	7	1
9	2022-11-08 09:28:35.207299+03	3	Германия Берлин Народных республик 98	1	[{"added": {}}]	7	1
10	2022-11-08 09:28:42.811172+03	1	qwr@qwe.qwe Беларусь Минск Есенина 41	1	[{"added": {}}]	8	1
11	2022-11-08 09:29:03.327422+03	2	wer@gqwe.cew Польша Варшава Ленина 12	1	[{"added": {}}]	8	1
12	2022-11-08 09:29:09.769202+03	3	alexDedul@q.com Германия Берлин Народных республик 98	1	[{"added": {}}]	8	1
13	2022-11-08 09:29:30.554731+03	1	Xiaomi redmi 10	1	[{"added": {}}]	10	1
14	2022-11-08 09:29:39.32145+03	2	Realmi C10	1	[{"added": {}}]	10	1
15	2022-11-08 09:29:50.560428+03	3	Realmi C11	1	[{"added": {}}]	10	1
16	2022-11-08 09:29:58.770106+03	4	Realmi C12	1	[{"added": {}}]	10	1
17	2022-11-08 09:30:08.966799+03	5	Realmi C13	1	[{"added": {}}]	10	1
18	2022-11-08 09:30:32.916427+03	6	Xiaomi redmi 11	1	[{"added": {}}]	10	1
19	2022-11-08 09:30:47.602035+03	7	Xiaomi redmi 12	1	[{"added": {}}]	10	1
20	2022-11-08 09:31:00.386753+03	1	Employee Factory asd asd	1	[{"added": {}}]	16	1
21	2022-11-08 09:31:02.385271+03	2	Employee Factory qwe qwe	1	[{"added": {}}]	16	1
22	2022-11-08 09:31:09.833708+03	3	Employee Factory dfgdfg	1	[{"added": {}}]	16	1
23	2022-11-08 09:31:24.106904+03	3	Employee Factory dfgdfg	3		16	1
24	2022-11-08 09:31:24.108792+03	2	Employee Factory qwe qwe	3		16	1
25	2022-11-08 09:31:24.110077+03	1	Employee Factory asd asd	3		16	1
26	2022-11-08 09:31:39.997652+03	4	Employee Factory Иванов Иван Иванович	1	[{"added": {}}]	16	1
27	2022-11-08 09:31:55.630077+03	5	Employee Factory Денисов Андрей Петрович	1	[{"added": {}}]	16	1
28	2022-11-08 09:32:15.597667+03	6	Employee Factory Кабацкий Евгений Витальевич	1	[{"added": {}}]	16	1
29	2022-11-08 09:33:13.334014+03	7	Employee Factory Лецина Ольга Анатольевна	1	[{"added": {}}]	16	1
30	2022-11-08 09:34:12.318771+03	1	Xiaomi	1	[{"added": {}}]	11	1
31	2022-11-08 09:34:29.776618+03	2	Realme	1	[{"added": {}}]	11	1
32	2022-11-08 09:34:59.673193+03	1	Dilercenter Xiaomi дилер центр	1	[{"added": {}}]	12	1
33	2022-11-08 09:35:24.845945+03	2	Dilercenter Realme дилер центер	1	[{"added": {}}]	12	1
34	2022-11-08 09:36:08.514315+03	1	Distributor Xiaomi дистрибьютор	1	[{"added": {}}]	13	1
35	2022-11-08 09:36:27.835244+03	2	Distributor Realme дистрибьютор	1	[{"added": {}}]	13	1
36	2022-11-08 09:37:08.426717+03	1	Retail Chain Розничная сеть Realme	1	[{"added": {}}]	14	1
37	2022-11-08 09:37:53.404515+03	2	Retail Chain Розничная сеть Xiaomi	1	[{"added": {}}]	14	1
38	2022-11-08 09:38:23.766278+03	1	Individual Entrepreneur ИП Realme	1	[{"added": {}}]	15	1
39	2022-11-08 09:38:47.158404+03	2	Individual Entrepreneur ИП Xiaomi	1	[{"added": {}}]	15	1
40	2022-11-08 09:40:59.771158+03	2	asd	1	[{"added": {}}]	4	1
41	2022-11-08 09:41:37.454588+03	2	asd	2	[]	4	1
42	2022-11-08 09:42:53.153662+03	2	asd	2	[{"changed": {"fields": ["Active"]}}]	4	1
43	2022-11-08 09:43:10.582129+03	2	asd	2	[{"changed": {"fields": ["Active"]}}]	4	1
\.


--
-- Data for Name: django_content_type; Type: TABLE DATA; Schema: public; Owner: alexsey
--

COPY public.django_content_type (id, app_label, model) FROM stdin;
1	admin	logentry
2	auth	permission
3	auth	group
4	auth	user
5	contenttypes	contenttype
6	sessions	session
7	app	address
8	app	contact
9	app	country
10	app	product
11	app	factory
12	app	dilercenter
13	app	distributor
14	app	retailchain
15	app	individualentrepreneur
16	app	employee
\.


--
-- Data for Name: django_migrations; Type: TABLE DATA; Schema: public; Owner: alexsey
--

COPY public.django_migrations (id, app, name, applied) FROM stdin;
1	contenttypes	0001_initial	2022-11-08 09:19:19.631232+03
2	auth	0001_initial	2022-11-08 09:19:19.700811+03
3	admin	0001_initial	2022-11-08 09:19:19.723657+03
4	admin	0002_logentry_remove_auto_add	2022-11-08 09:19:19.733619+03
5	admin	0003_logentry_add_action_flag_choices	2022-11-08 09:19:19.741888+03
6	app	0001_initial	2022-11-08 09:19:19.747341+03
7	app	0002_contact	2022-11-08 09:19:19.757912+03
8	app	0003_alter_contact_address_fk	2022-11-08 09:19:19.775423+03
9	app	0004_alter_contact_address_fk	2022-11-08 09:19:19.789337+03
10	app	0005_country_alter_address_country	2022-11-08 09:19:19.804749+03
11	app	0006_product	2022-11-08 09:19:19.812422+03
12	app	0007_alter_product_date	2022-11-08 09:19:19.819722+03
13	app	0008_factory_employeefactory	2022-11-08 09:19:19.848122+03
14	app	0009_alter_factory_debt	2022-11-08 09:19:19.855921+03
15	app	0010_remove_factory_product_productinfactory	2022-11-08 09:19:19.880899+03
16	app	0011_dilercenter_productindilercenter_employeedilercenter	2022-11-08 09:19:19.920412+03
17	app	0012_distributor_alter_dilercenter_debt_and_more	2022-11-08 09:19:19.980809+03
18	app	0013_alter_productindistributor_distributor_retailchain_and_more	2022-11-08 09:19:20.046856+03
19	app	0014_individualentrepreneur_and_more	2022-11-08 09:19:20.106614+03
20	app	0015_factory_product_alter_dilercenter_provider_and_more	2022-11-08 09:19:20.201964+03
21	app	0016_remove_productindistributor_distributor_and_more	2022-11-08 09:19:20.380958+03
22	app	0017_employee_remove_employeedistributor_distributor_and_more	2022-11-08 09:19:20.536814+03
23	app	0018_remove_dilercenter_employee_and_more	2022-11-08 09:19:20.719081+03
24	app	0019_alter_dilercenter_provider_and_more	2022-11-08 09:19:20.77269+03
25	app	0020_dilercenter_user_distributor_user_factory_user_and_more	2022-11-08 09:19:21.504173+03
26	contenttypes	0002_remove_content_type_name	2022-11-08 09:19:21.534188+03
27	auth	0002_alter_permission_name_max_length	2022-11-08 09:19:21.554549+03
28	auth	0003_alter_user_email_max_length	2022-11-08 09:19:21.571452+03
29	auth	0004_alter_user_username_opts	2022-11-08 09:19:21.588096+03
30	auth	0005_alter_user_last_login_null	2022-11-08 09:19:21.606246+03
31	auth	0006_require_contenttypes_0002	2022-11-08 09:19:21.607929+03
32	auth	0007_alter_validators_add_error_messages	2022-11-08 09:19:21.625868+03
33	auth	0008_alter_user_username_max_length	2022-11-08 09:19:21.646632+03
34	auth	0009_alter_user_last_name_max_length	2022-11-08 09:19:21.665147+03
35	auth	0010_alter_group_name_max_length	2022-11-08 09:19:21.686582+03
36	auth	0011_update_proxy_permissions	2022-11-08 09:19:21.706271+03
37	auth	0012_alter_user_first_name_max_length	2022-11-08 09:19:21.725584+03
38	sessions	0001_initial	2022-11-08 09:19:21.736343+03
\.


--
-- Data for Name: django_session; Type: TABLE DATA; Schema: public; Owner: alexsey
--

COPY public.django_session (session_key, session_data, expire_date) FROM stdin;
f0celj0akqwb0ys0edzzmhf5btv8hx4z	.eJxVjEEOwiAQRe_C2pAygExduu8ZyFBmbNVAUtqV8e7apAvd_vfef6lI2zrFrfES56wuyqjT75ZofHDZQb5TuVU91rIuc9K7og_a9FAzP6-H-3cwUZu-tcXeOkEKkAGtByRxZ-ksgRdBJiMCiS1CCo7J92B6Dg7QZO4SIqr3B9O1N4o:1osI4w:6u72VB30FEAPsb22csdU_l6TwybD1eZQ_s2GW7s3LuE	2022-11-22 09:27:22.498907+03
\.


--
-- Name: app_address_id_seq; Type: SEQUENCE SET; Schema: public; Owner: alexsey
--

SELECT pg_catalog.setval('public.app_address_id_seq', 3, true);


--
-- Name: app_contact_id_seq; Type: SEQUENCE SET; Schema: public; Owner: alexsey
--

SELECT pg_catalog.setval('public.app_contact_id_seq', 8, true);


--
-- Name: app_country_id_seq; Type: SEQUENCE SET; Schema: public; Owner: alexsey
--

SELECT pg_catalog.setval('public.app_country_id_seq', 6, true);


--
-- Name: app_dilercenter_employee_id_seq; Type: SEQUENCE SET; Schema: public; Owner: alexsey
--

SELECT pg_catalog.setval('public.app_dilercenter_employee_id_seq', 2, true);


--
-- Name: app_dilercenter_id_seq; Type: SEQUENCE SET; Schema: public; Owner: alexsey
--

SELECT pg_catalog.setval('public.app_dilercenter_id_seq', 2, true);


--
-- Name: app_dilercenter_product_id_seq; Type: SEQUENCE SET; Schema: public; Owner: alexsey
--

SELECT pg_catalog.setval('public.app_dilercenter_product_id_seq', 4, true);


--
-- Name: app_distributor_employee_id_seq; Type: SEQUENCE SET; Schema: public; Owner: alexsey
--

SELECT pg_catalog.setval('public.app_distributor_employee_id_seq', 4, true);


--
-- Name: app_distributor_id_seq; Type: SEQUENCE SET; Schema: public; Owner: alexsey
--

SELECT pg_catalog.setval('public.app_distributor_id_seq', 2, true);


--
-- Name: app_distributor_product_id_seq; Type: SEQUENCE SET; Schema: public; Owner: alexsey
--

SELECT pg_catalog.setval('public.app_distributor_product_id_seq', 5, true);


--
-- Name: app_employee_id_seq; Type: SEQUENCE SET; Schema: public; Owner: alexsey
--

SELECT pg_catalog.setval('public.app_employee_id_seq', 7, true);


--
-- Name: app_factory_employee_id_seq; Type: SEQUENCE SET; Schema: public; Owner: alexsey
--

SELECT pg_catalog.setval('public.app_factory_employee_id_seq', 5, true);


--
-- Name: app_factory_id_seq; Type: SEQUENCE SET; Schema: public; Owner: alexsey
--

SELECT pg_catalog.setval('public.app_factory_id_seq', 3, true);


--
-- Name: app_factory_product_id_seq; Type: SEQUENCE SET; Schema: public; Owner: alexsey
--

SELECT pg_catalog.setval('public.app_factory_product_id_seq', 11, true);


--
-- Name: app_individualentrepreneur_employee_id_seq; Type: SEQUENCE SET; Schema: public; Owner: alexsey
--

SELECT pg_catalog.setval('public.app_individualentrepreneur_employee_id_seq', 4, true);


--
-- Name: app_individualentrepreneur_id_seq; Type: SEQUENCE SET; Schema: public; Owner: alexsey
--

SELECT pg_catalog.setval('public.app_individualentrepreneur_id_seq', 2, true);


--
-- Name: app_individualentrepreneur_product_id_seq; Type: SEQUENCE SET; Schema: public; Owner: alexsey
--

SELECT pg_catalog.setval('public.app_individualentrepreneur_product_id_seq', 6, true);


--
-- Name: app_product_id_seq; Type: SEQUENCE SET; Schema: public; Owner: alexsey
--

SELECT pg_catalog.setval('public.app_product_id_seq', 7, true);


--
-- Name: app_retailchain_employee_id_seq; Type: SEQUENCE SET; Schema: public; Owner: alexsey
--

SELECT pg_catalog.setval('public.app_retailchain_employee_id_seq', 5, true);


--
-- Name: app_retailchain_id_seq; Type: SEQUENCE SET; Schema: public; Owner: alexsey
--

SELECT pg_catalog.setval('public.app_retailchain_id_seq', 2, true);


--
-- Name: app_retailchain_product_id_seq; Type: SEQUENCE SET; Schema: public; Owner: alexsey
--

SELECT pg_catalog.setval('public.app_retailchain_product_id_seq', 7, true);


--
-- Name: auth_group_id_seq; Type: SEQUENCE SET; Schema: public; Owner: alexsey
--

SELECT pg_catalog.setval('public.auth_group_id_seq', 1, false);


--
-- Name: auth_group_permissions_id_seq; Type: SEQUENCE SET; Schema: public; Owner: alexsey
--

SELECT pg_catalog.setval('public.auth_group_permissions_id_seq', 1, false);


--
-- Name: auth_permission_id_seq; Type: SEQUENCE SET; Schema: public; Owner: alexsey
--

SELECT pg_catalog.setval('public.auth_permission_id_seq', 64, true);


--
-- Name: auth_user_groups_id_seq; Type: SEQUENCE SET; Schema: public; Owner: alexsey
--

SELECT pg_catalog.setval('public.auth_user_groups_id_seq', 1, false);


--
-- Name: auth_user_id_seq; Type: SEQUENCE SET; Schema: public; Owner: alexsey
--

SELECT pg_catalog.setval('public.auth_user_id_seq', 2, true);


--
-- Name: auth_user_user_permissions_id_seq; Type: SEQUENCE SET; Schema: public; Owner: alexsey
--

SELECT pg_catalog.setval('public.auth_user_user_permissions_id_seq', 1, false);


--
-- Name: django_admin_log_id_seq; Type: SEQUENCE SET; Schema: public; Owner: alexsey
--

SELECT pg_catalog.setval('public.django_admin_log_id_seq', 43, true);


--
-- Name: django_content_type_id_seq; Type: SEQUENCE SET; Schema: public; Owner: alexsey
--

SELECT pg_catalog.setval('public.django_content_type_id_seq', 16, true);


--
-- Name: django_migrations_id_seq; Type: SEQUENCE SET; Schema: public; Owner: alexsey
--

SELECT pg_catalog.setval('public.django_migrations_id_seq', 38, true);


--
-- Name: app_address app_address_pkey; Type: CONSTRAINT; Schema: public; Owner: alexsey
--

ALTER TABLE ONLY public.app_address
    ADD CONSTRAINT app_address_pkey PRIMARY KEY (id);


--
-- Name: app_contact app_contact_pkey; Type: CONSTRAINT; Schema: public; Owner: alexsey
--

ALTER TABLE ONLY public.app_contact
    ADD CONSTRAINT app_contact_pkey PRIMARY KEY (id);


--
-- Name: app_country app_country_pkey; Type: CONSTRAINT; Schema: public; Owner: alexsey
--

ALTER TABLE ONLY public.app_country
    ADD CONSTRAINT app_country_pkey PRIMARY KEY (id);


--
-- Name: app_dilercenter_employee app_dilercenter_employee_dilercenter_id_employee__269fde63_uniq; Type: CONSTRAINT; Schema: public; Owner: alexsey
--

ALTER TABLE ONLY public.app_dilercenter_employee
    ADD CONSTRAINT app_dilercenter_employee_dilercenter_id_employee__269fde63_uniq UNIQUE (dilercenter_id, employee_id);


--
-- Name: app_dilercenter_employee app_dilercenter_employee_pkey; Type: CONSTRAINT; Schema: public; Owner: alexsey
--

ALTER TABLE ONLY public.app_dilercenter_employee
    ADD CONSTRAINT app_dilercenter_employee_pkey PRIMARY KEY (id);


--
-- Name: app_dilercenter app_dilercenter_pkey; Type: CONSTRAINT; Schema: public; Owner: alexsey
--

ALTER TABLE ONLY public.app_dilercenter
    ADD CONSTRAINT app_dilercenter_pkey PRIMARY KEY (id);


--
-- Name: app_dilercenter_product app_dilercenter_product_dilercenter_id_product_id_4a4c06b3_uniq; Type: CONSTRAINT; Schema: public; Owner: alexsey
--

ALTER TABLE ONLY public.app_dilercenter_product
    ADD CONSTRAINT app_dilercenter_product_dilercenter_id_product_id_4a4c06b3_uniq UNIQUE (dilercenter_id, product_id);


--
-- Name: app_dilercenter_product app_dilercenter_product_pkey; Type: CONSTRAINT; Schema: public; Owner: alexsey
--

ALTER TABLE ONLY public.app_dilercenter_product
    ADD CONSTRAINT app_dilercenter_product_pkey PRIMARY KEY (id);


--
-- Name: app_distributor_employee app_distributor_employee_distributor_id_employee__179bb10f_uniq; Type: CONSTRAINT; Schema: public; Owner: alexsey
--

ALTER TABLE ONLY public.app_distributor_employee
    ADD CONSTRAINT app_distributor_employee_distributor_id_employee__179bb10f_uniq UNIQUE (distributor_id, employee_id);


--
-- Name: app_distributor_employee app_distributor_employee_pkey; Type: CONSTRAINT; Schema: public; Owner: alexsey
--

ALTER TABLE ONLY public.app_distributor_employee
    ADD CONSTRAINT app_distributor_employee_pkey PRIMARY KEY (id);


--
-- Name: app_distributor app_distributor_pkey; Type: CONSTRAINT; Schema: public; Owner: alexsey
--

ALTER TABLE ONLY public.app_distributor
    ADD CONSTRAINT app_distributor_pkey PRIMARY KEY (id);


--
-- Name: app_distributor_product app_distributor_product_distributor_id_product_id_62218ad6_uniq; Type: CONSTRAINT; Schema: public; Owner: alexsey
--

ALTER TABLE ONLY public.app_distributor_product
    ADD CONSTRAINT app_distributor_product_distributor_id_product_id_62218ad6_uniq UNIQUE (distributor_id, product_id);


--
-- Name: app_distributor_product app_distributor_product_pkey; Type: CONSTRAINT; Schema: public; Owner: alexsey
--

ALTER TABLE ONLY public.app_distributor_product
    ADD CONSTRAINT app_distributor_product_pkey PRIMARY KEY (id);


--
-- Name: app_employee app_employee_pkey; Type: CONSTRAINT; Schema: public; Owner: alexsey
--

ALTER TABLE ONLY public.app_employee
    ADD CONSTRAINT app_employee_pkey PRIMARY KEY (id);


--
-- Name: app_factory_employee app_factory_employee_factory_id_employee_id_974c6770_uniq; Type: CONSTRAINT; Schema: public; Owner: alexsey
--

ALTER TABLE ONLY public.app_factory_employee
    ADD CONSTRAINT app_factory_employee_factory_id_employee_id_974c6770_uniq UNIQUE (factory_id, employee_id);


--
-- Name: app_factory_employee app_factory_employee_pkey; Type: CONSTRAINT; Schema: public; Owner: alexsey
--

ALTER TABLE ONLY public.app_factory_employee
    ADD CONSTRAINT app_factory_employee_pkey PRIMARY KEY (id);


--
-- Name: app_factory app_factory_pkey; Type: CONSTRAINT; Schema: public; Owner: alexsey
--

ALTER TABLE ONLY public.app_factory
    ADD CONSTRAINT app_factory_pkey PRIMARY KEY (id);


--
-- Name: app_factory_product app_factory_product_factory_id_product_id_97327286_uniq; Type: CONSTRAINT; Schema: public; Owner: alexsey
--

ALTER TABLE ONLY public.app_factory_product
    ADD CONSTRAINT app_factory_product_factory_id_product_id_97327286_uniq UNIQUE (factory_id, product_id);


--
-- Name: app_factory_product app_factory_product_pkey; Type: CONSTRAINT; Schema: public; Owner: alexsey
--

ALTER TABLE ONLY public.app_factory_product
    ADD CONSTRAINT app_factory_product_pkey PRIMARY KEY (id);


--
-- Name: app_individualentrepreneur_employee app_individualentreprene_individualentrepreneur_i_a5f74205_uniq; Type: CONSTRAINT; Schema: public; Owner: alexsey
--

ALTER TABLE ONLY public.app_individualentrepreneur_employee
    ADD CONSTRAINT app_individualentreprene_individualentrepreneur_i_a5f74205_uniq UNIQUE (individualentrepreneur_id, employee_id);


--
-- Name: app_individualentrepreneur_product app_individualentreprene_individualentrepreneur_i_cfc17e89_uniq; Type: CONSTRAINT; Schema: public; Owner: alexsey
--

ALTER TABLE ONLY public.app_individualentrepreneur_product
    ADD CONSTRAINT app_individualentreprene_individualentrepreneur_i_cfc17e89_uniq UNIQUE (individualentrepreneur_id, product_id);


--
-- Name: app_individualentrepreneur_employee app_individualentrepreneur_employee_pkey; Type: CONSTRAINT; Schema: public; Owner: alexsey
--

ALTER TABLE ONLY public.app_individualentrepreneur_employee
    ADD CONSTRAINT app_individualentrepreneur_employee_pkey PRIMARY KEY (id);


--
-- Name: app_individualentrepreneur app_individualentrepreneur_pkey; Type: CONSTRAINT; Schema: public; Owner: alexsey
--

ALTER TABLE ONLY public.app_individualentrepreneur
    ADD CONSTRAINT app_individualentrepreneur_pkey PRIMARY KEY (id);


--
-- Name: app_individualentrepreneur_product app_individualentrepreneur_product_pkey; Type: CONSTRAINT; Schema: public; Owner: alexsey
--

ALTER TABLE ONLY public.app_individualentrepreneur_product
    ADD CONSTRAINT app_individualentrepreneur_product_pkey PRIMARY KEY (id);


--
-- Name: app_product app_product_pkey; Type: CONSTRAINT; Schema: public; Owner: alexsey
--

ALTER TABLE ONLY public.app_product
    ADD CONSTRAINT app_product_pkey PRIMARY KEY (id);


--
-- Name: app_retailchain_employee app_retailchain_employee_pkey; Type: CONSTRAINT; Schema: public; Owner: alexsey
--

ALTER TABLE ONLY public.app_retailchain_employee
    ADD CONSTRAINT app_retailchain_employee_pkey PRIMARY KEY (id);


--
-- Name: app_retailchain_employee app_retailchain_employee_retailchain_id_employee__a17a7ad7_uniq; Type: CONSTRAINT; Schema: public; Owner: alexsey
--

ALTER TABLE ONLY public.app_retailchain_employee
    ADD CONSTRAINT app_retailchain_employee_retailchain_id_employee__a17a7ad7_uniq UNIQUE (retailchain_id, employee_id);


--
-- Name: app_retailchain app_retailchain_pkey; Type: CONSTRAINT; Schema: public; Owner: alexsey
--

ALTER TABLE ONLY public.app_retailchain
    ADD CONSTRAINT app_retailchain_pkey PRIMARY KEY (id);


--
-- Name: app_retailchain_product app_retailchain_product_pkey; Type: CONSTRAINT; Schema: public; Owner: alexsey
--

ALTER TABLE ONLY public.app_retailchain_product
    ADD CONSTRAINT app_retailchain_product_pkey PRIMARY KEY (id);


--
-- Name: app_retailchain_product app_retailchain_product_retailchain_id_product_id_7c1a4a4b_uniq; Type: CONSTRAINT; Schema: public; Owner: alexsey
--

ALTER TABLE ONLY public.app_retailchain_product
    ADD CONSTRAINT app_retailchain_product_retailchain_id_product_id_7c1a4a4b_uniq UNIQUE (retailchain_id, product_id);


--
-- Name: auth_group auth_group_name_key; Type: CONSTRAINT; Schema: public; Owner: alexsey
--

ALTER TABLE ONLY public.auth_group
    ADD CONSTRAINT auth_group_name_key UNIQUE (name);


--
-- Name: auth_group_permissions auth_group_permissions_group_id_permission_id_0cd325b0_uniq; Type: CONSTRAINT; Schema: public; Owner: alexsey
--

ALTER TABLE ONLY public.auth_group_permissions
    ADD CONSTRAINT auth_group_permissions_group_id_permission_id_0cd325b0_uniq UNIQUE (group_id, permission_id);


--
-- Name: auth_group_permissions auth_group_permissions_pkey; Type: CONSTRAINT; Schema: public; Owner: alexsey
--

ALTER TABLE ONLY public.auth_group_permissions
    ADD CONSTRAINT auth_group_permissions_pkey PRIMARY KEY (id);


--
-- Name: auth_group auth_group_pkey; Type: CONSTRAINT; Schema: public; Owner: alexsey
--

ALTER TABLE ONLY public.auth_group
    ADD CONSTRAINT auth_group_pkey PRIMARY KEY (id);


--
-- Name: auth_permission auth_permission_content_type_id_codename_01ab375a_uniq; Type: CONSTRAINT; Schema: public; Owner: alexsey
--

ALTER TABLE ONLY public.auth_permission
    ADD CONSTRAINT auth_permission_content_type_id_codename_01ab375a_uniq UNIQUE (content_type_id, codename);


--
-- Name: auth_permission auth_permission_pkey; Type: CONSTRAINT; Schema: public; Owner: alexsey
--

ALTER TABLE ONLY public.auth_permission
    ADD CONSTRAINT auth_permission_pkey PRIMARY KEY (id);


--
-- Name: auth_user_groups auth_user_groups_pkey; Type: CONSTRAINT; Schema: public; Owner: alexsey
--

ALTER TABLE ONLY public.auth_user_groups
    ADD CONSTRAINT auth_user_groups_pkey PRIMARY KEY (id);


--
-- Name: auth_user_groups auth_user_groups_user_id_group_id_94350c0c_uniq; Type: CONSTRAINT; Schema: public; Owner: alexsey
--

ALTER TABLE ONLY public.auth_user_groups
    ADD CONSTRAINT auth_user_groups_user_id_group_id_94350c0c_uniq UNIQUE (user_id, group_id);


--
-- Name: auth_user auth_user_pkey; Type: CONSTRAINT; Schema: public; Owner: alexsey
--

ALTER TABLE ONLY public.auth_user
    ADD CONSTRAINT auth_user_pkey PRIMARY KEY (id);


--
-- Name: auth_user_user_permissions auth_user_user_permissions_pkey; Type: CONSTRAINT; Schema: public; Owner: alexsey
--

ALTER TABLE ONLY public.auth_user_user_permissions
    ADD CONSTRAINT auth_user_user_permissions_pkey PRIMARY KEY (id);


--
-- Name: auth_user_user_permissions auth_user_user_permissions_user_id_permission_id_14a6b632_uniq; Type: CONSTRAINT; Schema: public; Owner: alexsey
--

ALTER TABLE ONLY public.auth_user_user_permissions
    ADD CONSTRAINT auth_user_user_permissions_user_id_permission_id_14a6b632_uniq UNIQUE (user_id, permission_id);


--
-- Name: auth_user auth_user_username_key; Type: CONSTRAINT; Schema: public; Owner: alexsey
--

ALTER TABLE ONLY public.auth_user
    ADD CONSTRAINT auth_user_username_key UNIQUE (username);


--
-- Name: django_admin_log django_admin_log_pkey; Type: CONSTRAINT; Schema: public; Owner: alexsey
--

ALTER TABLE ONLY public.django_admin_log
    ADD CONSTRAINT django_admin_log_pkey PRIMARY KEY (id);


--
-- Name: django_content_type django_content_type_app_label_model_76bd3d3b_uniq; Type: CONSTRAINT; Schema: public; Owner: alexsey
--

ALTER TABLE ONLY public.django_content_type
    ADD CONSTRAINT django_content_type_app_label_model_76bd3d3b_uniq UNIQUE (app_label, model);


--
-- Name: django_content_type django_content_type_pkey; Type: CONSTRAINT; Schema: public; Owner: alexsey
--

ALTER TABLE ONLY public.django_content_type
    ADD CONSTRAINT django_content_type_pkey PRIMARY KEY (id);


--
-- Name: django_migrations django_migrations_pkey; Type: CONSTRAINT; Schema: public; Owner: alexsey
--

ALTER TABLE ONLY public.django_migrations
    ADD CONSTRAINT django_migrations_pkey PRIMARY KEY (id);


--
-- Name: django_session django_session_pkey; Type: CONSTRAINT; Schema: public; Owner: alexsey
--

ALTER TABLE ONLY public.django_session
    ADD CONSTRAINT django_session_pkey PRIMARY KEY (session_key);


--
-- Name: app_address_country_id_b94a1d67; Type: INDEX; Schema: public; Owner: alexsey
--

CREATE INDEX app_address_country_id_b94a1d67 ON public.app_address USING btree (country_id);


--
-- Name: app_contact_address_fk_id_309fa889; Type: INDEX; Schema: public; Owner: alexsey
--

CREATE INDEX app_contact_address_fk_id_309fa889 ON public.app_contact USING btree (address_fk_id);


--
-- Name: app_dilercenter_contact_id_cf634229; Type: INDEX; Schema: public; Owner: alexsey
--

CREATE INDEX app_dilercenter_contact_id_cf634229 ON public.app_dilercenter USING btree (contact_id);


--
-- Name: app_dilercenter_employee_dilercenter_id_87e3fec9; Type: INDEX; Schema: public; Owner: alexsey
--

CREATE INDEX app_dilercenter_employee_dilercenter_id_87e3fec9 ON public.app_dilercenter_employee USING btree (dilercenter_id);


--
-- Name: app_dilercenter_employee_employee_id_e6c2f6eb; Type: INDEX; Schema: public; Owner: alexsey
--

CREATE INDEX app_dilercenter_employee_employee_id_e6c2f6eb ON public.app_dilercenter_employee USING btree (employee_id);


--
-- Name: app_dilercenter_product_dilercenter_id_8f6550c1; Type: INDEX; Schema: public; Owner: alexsey
--

CREATE INDEX app_dilercenter_product_dilercenter_id_8f6550c1 ON public.app_dilercenter_product USING btree (dilercenter_id);


--
-- Name: app_dilercenter_product_product_id_844e21b5; Type: INDEX; Schema: public; Owner: alexsey
--

CREATE INDEX app_dilercenter_product_product_id_844e21b5 ON public.app_dilercenter_product USING btree (product_id);


--
-- Name: app_dilercenter_provider_id_c0ca91f6; Type: INDEX; Schema: public; Owner: alexsey
--

CREATE INDEX app_dilercenter_provider_id_c0ca91f6 ON public.app_dilercenter USING btree (provider_id);


--
-- Name: app_dilercenter_user_id_28c93e8f; Type: INDEX; Schema: public; Owner: alexsey
--

CREATE INDEX app_dilercenter_user_id_28c93e8f ON public.app_dilercenter USING btree (user_id);


--
-- Name: app_distributor_contact_id_409cd6b9; Type: INDEX; Schema: public; Owner: alexsey
--

CREATE INDEX app_distributor_contact_id_409cd6b9 ON public.app_distributor USING btree (contact_id);


--
-- Name: app_distributor_employee_distributor_id_d98d8fa9; Type: INDEX; Schema: public; Owner: alexsey
--

CREATE INDEX app_distributor_employee_distributor_id_d98d8fa9 ON public.app_distributor_employee USING btree (distributor_id);


--
-- Name: app_distributor_employee_employee_id_4bbada7a; Type: INDEX; Schema: public; Owner: alexsey
--

CREATE INDEX app_distributor_employee_employee_id_4bbada7a ON public.app_distributor_employee USING btree (employee_id);


--
-- Name: app_distributor_product_distributor_id_987ecf46; Type: INDEX; Schema: public; Owner: alexsey
--

CREATE INDEX app_distributor_product_distributor_id_987ecf46 ON public.app_distributor_product USING btree (distributor_id);


--
-- Name: app_distributor_product_product_id_9c52c975; Type: INDEX; Schema: public; Owner: alexsey
--

CREATE INDEX app_distributor_product_product_id_9c52c975 ON public.app_distributor_product USING btree (product_id);


--
-- Name: app_distributor_provider_id_1972a817; Type: INDEX; Schema: public; Owner: alexsey
--

CREATE INDEX app_distributor_provider_id_1972a817 ON public.app_distributor USING btree (provider_id);


--
-- Name: app_distributor_user_id_be4de347; Type: INDEX; Schema: public; Owner: alexsey
--

CREATE INDEX app_distributor_user_id_be4de347 ON public.app_distributor USING btree (user_id);


--
-- Name: app_factory_contact_id_b49064b6; Type: INDEX; Schema: public; Owner: alexsey
--

CREATE INDEX app_factory_contact_id_b49064b6 ON public.app_factory USING btree (contact_id);


--
-- Name: app_factory_employee_employee_id_40f4ecb8; Type: INDEX; Schema: public; Owner: alexsey
--

CREATE INDEX app_factory_employee_employee_id_40f4ecb8 ON public.app_factory_employee USING btree (employee_id);


--
-- Name: app_factory_employee_factory_id_51eb4749; Type: INDEX; Schema: public; Owner: alexsey
--

CREATE INDEX app_factory_employee_factory_id_51eb4749 ON public.app_factory_employee USING btree (factory_id);


--
-- Name: app_factory_product_factory_id_582d4e9b; Type: INDEX; Schema: public; Owner: alexsey
--

CREATE INDEX app_factory_product_factory_id_582d4e9b ON public.app_factory_product USING btree (factory_id);


--
-- Name: app_factory_product_product_id_0634eb6e; Type: INDEX; Schema: public; Owner: alexsey
--

CREATE INDEX app_factory_product_product_id_0634eb6e ON public.app_factory_product USING btree (product_id);


--
-- Name: app_factory_user_id_eaa8cebd; Type: INDEX; Schema: public; Owner: alexsey
--

CREATE INDEX app_factory_user_id_eaa8cebd ON public.app_factory USING btree (user_id);


--
-- Name: app_individualentrepreneur_contact_id_4d779b78; Type: INDEX; Schema: public; Owner: alexsey
--

CREATE INDEX app_individualentrepreneur_contact_id_4d779b78 ON public.app_individualentrepreneur USING btree (contact_id);


--
-- Name: app_individualentrepreneur_employee_employee_id_829b0758; Type: INDEX; Schema: public; Owner: alexsey
--

CREATE INDEX app_individualentrepreneur_employee_employee_id_829b0758 ON public.app_individualentrepreneur_employee USING btree (employee_id);


--
-- Name: app_individualentrepreneur_individualentrepreneur_id_bfff3a4f; Type: INDEX; Schema: public; Owner: alexsey
--

CREATE INDEX app_individualentrepreneur_individualentrepreneur_id_bfff3a4f ON public.app_individualentrepreneur_employee USING btree (individualentrepreneur_id);


--
-- Name: app_individualentrepreneur_individualentrepreneur_id_dc7c576e; Type: INDEX; Schema: public; Owner: alexsey
--

CREATE INDEX app_individualentrepreneur_individualentrepreneur_id_dc7c576e ON public.app_individualentrepreneur_product USING btree (individualentrepreneur_id);


--
-- Name: app_individualentrepreneur_product_product_id_56be4953; Type: INDEX; Schema: public; Owner: alexsey
--

CREATE INDEX app_individualentrepreneur_product_product_id_56be4953 ON public.app_individualentrepreneur_product USING btree (product_id);


--
-- Name: app_individualentrepreneur_provider_id_8ba9a499; Type: INDEX; Schema: public; Owner: alexsey
--

CREATE INDEX app_individualentrepreneur_provider_id_8ba9a499 ON public.app_individualentrepreneur USING btree (provider_id);


--
-- Name: app_individualentrepreneur_user_id_68c9b67e; Type: INDEX; Schema: public; Owner: alexsey
--

CREATE INDEX app_individualentrepreneur_user_id_68c9b67e ON public.app_individualentrepreneur USING btree (user_id);


--
-- Name: app_retailchain_contact_id_ca45a3b6; Type: INDEX; Schema: public; Owner: alexsey
--

CREATE INDEX app_retailchain_contact_id_ca45a3b6 ON public.app_retailchain USING btree (contact_id);


--
-- Name: app_retailchain_employee_employee_id_c72b989a; Type: INDEX; Schema: public; Owner: alexsey
--

CREATE INDEX app_retailchain_employee_employee_id_c72b989a ON public.app_retailchain_employee USING btree (employee_id);


--
-- Name: app_retailchain_employee_retailchain_id_d0964692; Type: INDEX; Schema: public; Owner: alexsey
--

CREATE INDEX app_retailchain_employee_retailchain_id_d0964692 ON public.app_retailchain_employee USING btree (retailchain_id);


--
-- Name: app_retailchain_product_product_id_f883088f; Type: INDEX; Schema: public; Owner: alexsey
--

CREATE INDEX app_retailchain_product_product_id_f883088f ON public.app_retailchain_product USING btree (product_id);


--
-- Name: app_retailchain_product_retailchain_id_646b1558; Type: INDEX; Schema: public; Owner: alexsey
--

CREATE INDEX app_retailchain_product_retailchain_id_646b1558 ON public.app_retailchain_product USING btree (retailchain_id);


--
-- Name: app_retailchain_provider_id_36ada179; Type: INDEX; Schema: public; Owner: alexsey
--

CREATE INDEX app_retailchain_provider_id_36ada179 ON public.app_retailchain USING btree (provider_id);


--
-- Name: app_retailchain_user_id_49c9edbd; Type: INDEX; Schema: public; Owner: alexsey
--

CREATE INDEX app_retailchain_user_id_49c9edbd ON public.app_retailchain USING btree (user_id);


--
-- Name: auth_group_name_a6ea08ec_like; Type: INDEX; Schema: public; Owner: alexsey
--

CREATE INDEX auth_group_name_a6ea08ec_like ON public.auth_group USING btree (name varchar_pattern_ops);


--
-- Name: auth_group_permissions_group_id_b120cbf9; Type: INDEX; Schema: public; Owner: alexsey
--

CREATE INDEX auth_group_permissions_group_id_b120cbf9 ON public.auth_group_permissions USING btree (group_id);


--
-- Name: auth_group_permissions_permission_id_84c5c92e; Type: INDEX; Schema: public; Owner: alexsey
--

CREATE INDEX auth_group_permissions_permission_id_84c5c92e ON public.auth_group_permissions USING btree (permission_id);


--
-- Name: auth_permission_content_type_id_2f476e4b; Type: INDEX; Schema: public; Owner: alexsey
--

CREATE INDEX auth_permission_content_type_id_2f476e4b ON public.auth_permission USING btree (content_type_id);


--
-- Name: auth_user_groups_group_id_97559544; Type: INDEX; Schema: public; Owner: alexsey
--

CREATE INDEX auth_user_groups_group_id_97559544 ON public.auth_user_groups USING btree (group_id);


--
-- Name: auth_user_groups_user_id_6a12ed8b; Type: INDEX; Schema: public; Owner: alexsey
--

CREATE INDEX auth_user_groups_user_id_6a12ed8b ON public.auth_user_groups USING btree (user_id);


--
-- Name: auth_user_user_permissions_permission_id_1fbb5f2c; Type: INDEX; Schema: public; Owner: alexsey
--

CREATE INDEX auth_user_user_permissions_permission_id_1fbb5f2c ON public.auth_user_user_permissions USING btree (permission_id);


--
-- Name: auth_user_user_permissions_user_id_a95ead1b; Type: INDEX; Schema: public; Owner: alexsey
--

CREATE INDEX auth_user_user_permissions_user_id_a95ead1b ON public.auth_user_user_permissions USING btree (user_id);


--
-- Name: auth_user_username_6821ab7c_like; Type: INDEX; Schema: public; Owner: alexsey
--

CREATE INDEX auth_user_username_6821ab7c_like ON public.auth_user USING btree (username varchar_pattern_ops);


--
-- Name: django_admin_log_content_type_id_c4bce8eb; Type: INDEX; Schema: public; Owner: alexsey
--

CREATE INDEX django_admin_log_content_type_id_c4bce8eb ON public.django_admin_log USING btree (content_type_id);


--
-- Name: django_admin_log_user_id_c564eba6; Type: INDEX; Schema: public; Owner: alexsey
--

CREATE INDEX django_admin_log_user_id_c564eba6 ON public.django_admin_log USING btree (user_id);


--
-- Name: django_session_expire_date_a5c62663; Type: INDEX; Schema: public; Owner: alexsey
--

CREATE INDEX django_session_expire_date_a5c62663 ON public.django_session USING btree (expire_date);


--
-- Name: django_session_session_key_c0390e0f_like; Type: INDEX; Schema: public; Owner: alexsey
--

CREATE INDEX django_session_session_key_c0390e0f_like ON public.django_session USING btree (session_key varchar_pattern_ops);


--
-- Name: app_address app_address_country_id_b94a1d67_fk_app_country_id; Type: FK CONSTRAINT; Schema: public; Owner: alexsey
--

ALTER TABLE ONLY public.app_address
    ADD CONSTRAINT app_address_country_id_b94a1d67_fk_app_country_id FOREIGN KEY (country_id) REFERENCES public.app_country(id) DEFERRABLE INITIALLY DEFERRED;


--
-- Name: app_contact app_contact_address_fk_id_309fa889_fk_app_address_id; Type: FK CONSTRAINT; Schema: public; Owner: alexsey
--

ALTER TABLE ONLY public.app_contact
    ADD CONSTRAINT app_contact_address_fk_id_309fa889_fk_app_address_id FOREIGN KEY (address_fk_id) REFERENCES public.app_address(id) DEFERRABLE INITIALLY DEFERRED;


--
-- Name: app_dilercenter app_dilercenter_contact_id_cf634229_fk_app_contact_id; Type: FK CONSTRAINT; Schema: public; Owner: alexsey
--

ALTER TABLE ONLY public.app_dilercenter
    ADD CONSTRAINT app_dilercenter_contact_id_cf634229_fk_app_contact_id FOREIGN KEY (contact_id) REFERENCES public.app_contact(id) DEFERRABLE INITIALLY DEFERRED;


--
-- Name: app_dilercenter_employee app_dilercenter_empl_dilercenter_id_87e3fec9_fk_app_diler; Type: FK CONSTRAINT; Schema: public; Owner: alexsey
--

ALTER TABLE ONLY public.app_dilercenter_employee
    ADD CONSTRAINT app_dilercenter_empl_dilercenter_id_87e3fec9_fk_app_diler FOREIGN KEY (dilercenter_id) REFERENCES public.app_dilercenter(id) DEFERRABLE INITIALLY DEFERRED;


--
-- Name: app_dilercenter_employee app_dilercenter_empl_employee_id_e6c2f6eb_fk_app_emplo; Type: FK CONSTRAINT; Schema: public; Owner: alexsey
--

ALTER TABLE ONLY public.app_dilercenter_employee
    ADD CONSTRAINT app_dilercenter_empl_employee_id_e6c2f6eb_fk_app_emplo FOREIGN KEY (employee_id) REFERENCES public.app_employee(id) DEFERRABLE INITIALLY DEFERRED;


--
-- Name: app_dilercenter_product app_dilercenter_prod_dilercenter_id_8f6550c1_fk_app_diler; Type: FK CONSTRAINT; Schema: public; Owner: alexsey
--

ALTER TABLE ONLY public.app_dilercenter_product
    ADD CONSTRAINT app_dilercenter_prod_dilercenter_id_8f6550c1_fk_app_diler FOREIGN KEY (dilercenter_id) REFERENCES public.app_dilercenter(id) DEFERRABLE INITIALLY DEFERRED;


--
-- Name: app_dilercenter_product app_dilercenter_product_product_id_844e21b5_fk_app_product_id; Type: FK CONSTRAINT; Schema: public; Owner: alexsey
--

ALTER TABLE ONLY public.app_dilercenter_product
    ADD CONSTRAINT app_dilercenter_product_product_id_844e21b5_fk_app_product_id FOREIGN KEY (product_id) REFERENCES public.app_product(id) DEFERRABLE INITIALLY DEFERRED;


--
-- Name: app_dilercenter app_dilercenter_provider_id_c0ca91f6_fk_app_factory_id; Type: FK CONSTRAINT; Schema: public; Owner: alexsey
--

ALTER TABLE ONLY public.app_dilercenter
    ADD CONSTRAINT app_dilercenter_provider_id_c0ca91f6_fk_app_factory_id FOREIGN KEY (provider_id) REFERENCES public.app_factory(id) DEFERRABLE INITIALLY DEFERRED;


--
-- Name: app_dilercenter app_dilercenter_user_id_28c93e8f_fk_auth_user_id; Type: FK CONSTRAINT; Schema: public; Owner: alexsey
--

ALTER TABLE ONLY public.app_dilercenter
    ADD CONSTRAINT app_dilercenter_user_id_28c93e8f_fk_auth_user_id FOREIGN KEY (user_id) REFERENCES public.auth_user(id) DEFERRABLE INITIALLY DEFERRED;


--
-- Name: app_distributor app_distributor_contact_id_409cd6b9_fk_app_contact_id; Type: FK CONSTRAINT; Schema: public; Owner: alexsey
--

ALTER TABLE ONLY public.app_distributor
    ADD CONSTRAINT app_distributor_contact_id_409cd6b9_fk_app_contact_id FOREIGN KEY (contact_id) REFERENCES public.app_contact(id) DEFERRABLE INITIALLY DEFERRED;


--
-- Name: app_distributor_employee app_distributor_empl_distributor_id_d98d8fa9_fk_app_distr; Type: FK CONSTRAINT; Schema: public; Owner: alexsey
--

ALTER TABLE ONLY public.app_distributor_employee
    ADD CONSTRAINT app_distributor_empl_distributor_id_d98d8fa9_fk_app_distr FOREIGN KEY (distributor_id) REFERENCES public.app_distributor(id) DEFERRABLE INITIALLY DEFERRED;


--
-- Name: app_distributor_employee app_distributor_empl_employee_id_4bbada7a_fk_app_emplo; Type: FK CONSTRAINT; Schema: public; Owner: alexsey
--

ALTER TABLE ONLY public.app_distributor_employee
    ADD CONSTRAINT app_distributor_empl_employee_id_4bbada7a_fk_app_emplo FOREIGN KEY (employee_id) REFERENCES public.app_employee(id) DEFERRABLE INITIALLY DEFERRED;


--
-- Name: app_distributor_product app_distributor_prod_distributor_id_987ecf46_fk_app_distr; Type: FK CONSTRAINT; Schema: public; Owner: alexsey
--

ALTER TABLE ONLY public.app_distributor_product
    ADD CONSTRAINT app_distributor_prod_distributor_id_987ecf46_fk_app_distr FOREIGN KEY (distributor_id) REFERENCES public.app_distributor(id) DEFERRABLE INITIALLY DEFERRED;


--
-- Name: app_distributor_product app_distributor_product_product_id_9c52c975_fk_app_product_id; Type: FK CONSTRAINT; Schema: public; Owner: alexsey
--

ALTER TABLE ONLY public.app_distributor_product
    ADD CONSTRAINT app_distributor_product_product_id_9c52c975_fk_app_product_id FOREIGN KEY (product_id) REFERENCES public.app_product(id) DEFERRABLE INITIALLY DEFERRED;


--
-- Name: app_distributor app_distributor_provider_id_1972a817_fk_app_dilercenter_id; Type: FK CONSTRAINT; Schema: public; Owner: alexsey
--

ALTER TABLE ONLY public.app_distributor
    ADD CONSTRAINT app_distributor_provider_id_1972a817_fk_app_dilercenter_id FOREIGN KEY (provider_id) REFERENCES public.app_dilercenter(id) DEFERRABLE INITIALLY DEFERRED;


--
-- Name: app_distributor app_distributor_user_id_be4de347_fk_auth_user_id; Type: FK CONSTRAINT; Schema: public; Owner: alexsey
--

ALTER TABLE ONLY public.app_distributor
    ADD CONSTRAINT app_distributor_user_id_be4de347_fk_auth_user_id FOREIGN KEY (user_id) REFERENCES public.auth_user(id) DEFERRABLE INITIALLY DEFERRED;


--
-- Name: app_factory app_factory_contact_id_b49064b6_fk_app_contact_id; Type: FK CONSTRAINT; Schema: public; Owner: alexsey
--

ALTER TABLE ONLY public.app_factory
    ADD CONSTRAINT app_factory_contact_id_b49064b6_fk_app_contact_id FOREIGN KEY (contact_id) REFERENCES public.app_contact(id) DEFERRABLE INITIALLY DEFERRED;


--
-- Name: app_factory_employee app_factory_employee_employee_id_40f4ecb8_fk_app_employee_id; Type: FK CONSTRAINT; Schema: public; Owner: alexsey
--

ALTER TABLE ONLY public.app_factory_employee
    ADD CONSTRAINT app_factory_employee_employee_id_40f4ecb8_fk_app_employee_id FOREIGN KEY (employee_id) REFERENCES public.app_employee(id) DEFERRABLE INITIALLY DEFERRED;


--
-- Name: app_factory_employee app_factory_employee_factory_id_51eb4749_fk_app_factory_id; Type: FK CONSTRAINT; Schema: public; Owner: alexsey
--

ALTER TABLE ONLY public.app_factory_employee
    ADD CONSTRAINT app_factory_employee_factory_id_51eb4749_fk_app_factory_id FOREIGN KEY (factory_id) REFERENCES public.app_factory(id) DEFERRABLE INITIALLY DEFERRED;


--
-- Name: app_factory_product app_factory_product_factory_id_582d4e9b_fk_app_factory_id; Type: FK CONSTRAINT; Schema: public; Owner: alexsey
--

ALTER TABLE ONLY public.app_factory_product
    ADD CONSTRAINT app_factory_product_factory_id_582d4e9b_fk_app_factory_id FOREIGN KEY (factory_id) REFERENCES public.app_factory(id) DEFERRABLE INITIALLY DEFERRED;


--
-- Name: app_factory_product app_factory_product_product_id_0634eb6e_fk_app_product_id; Type: FK CONSTRAINT; Schema: public; Owner: alexsey
--

ALTER TABLE ONLY public.app_factory_product
    ADD CONSTRAINT app_factory_product_product_id_0634eb6e_fk_app_product_id FOREIGN KEY (product_id) REFERENCES public.app_product(id) DEFERRABLE INITIALLY DEFERRED;


--
-- Name: app_factory app_factory_user_id_eaa8cebd_fk_auth_user_id; Type: FK CONSTRAINT; Schema: public; Owner: alexsey
--

ALTER TABLE ONLY public.app_factory
    ADD CONSTRAINT app_factory_user_id_eaa8cebd_fk_auth_user_id FOREIGN KEY (user_id) REFERENCES public.auth_user(id) DEFERRABLE INITIALLY DEFERRED;


--
-- Name: app_individualentrepreneur app_individualentrep_contact_id_4d779b78_fk_app_conta; Type: FK CONSTRAINT; Schema: public; Owner: alexsey
--

ALTER TABLE ONLY public.app_individualentrepreneur
    ADD CONSTRAINT app_individualentrep_contact_id_4d779b78_fk_app_conta FOREIGN KEY (contact_id) REFERENCES public.app_contact(id) DEFERRABLE INITIALLY DEFERRED;


--
-- Name: app_individualentrepreneur_employee app_individualentrep_employee_id_829b0758_fk_app_emplo; Type: FK CONSTRAINT; Schema: public; Owner: alexsey
--

ALTER TABLE ONLY public.app_individualentrepreneur_employee
    ADD CONSTRAINT app_individualentrep_employee_id_829b0758_fk_app_emplo FOREIGN KEY (employee_id) REFERENCES public.app_employee(id) DEFERRABLE INITIALLY DEFERRED;


--
-- Name: app_individualentrepreneur_employee app_individualentrep_individualentreprene_bfff3a4f_fk_app_indiv; Type: FK CONSTRAINT; Schema: public; Owner: alexsey
--

ALTER TABLE ONLY public.app_individualentrepreneur_employee
    ADD CONSTRAINT app_individualentrep_individualentreprene_bfff3a4f_fk_app_indiv FOREIGN KEY (individualentrepreneur_id) REFERENCES public.app_individualentrepreneur(id) DEFERRABLE INITIALLY DEFERRED;


--
-- Name: app_individualentrepreneur_product app_individualentrep_individualentreprene_dc7c576e_fk_app_indiv; Type: FK CONSTRAINT; Schema: public; Owner: alexsey
--

ALTER TABLE ONLY public.app_individualentrepreneur_product
    ADD CONSTRAINT app_individualentrep_individualentreprene_dc7c576e_fk_app_indiv FOREIGN KEY (individualentrepreneur_id) REFERENCES public.app_individualentrepreneur(id) DEFERRABLE INITIALLY DEFERRED;


--
-- Name: app_individualentrepreneur_product app_individualentrep_product_id_56be4953_fk_app_produ; Type: FK CONSTRAINT; Schema: public; Owner: alexsey
--

ALTER TABLE ONLY public.app_individualentrepreneur_product
    ADD CONSTRAINT app_individualentrep_product_id_56be4953_fk_app_produ FOREIGN KEY (product_id) REFERENCES public.app_product(id) DEFERRABLE INITIALLY DEFERRED;


--
-- Name: app_individualentrepreneur app_individualentrep_provider_id_8ba9a499_fk_app_retai; Type: FK CONSTRAINT; Schema: public; Owner: alexsey
--

ALTER TABLE ONLY public.app_individualentrepreneur
    ADD CONSTRAINT app_individualentrep_provider_id_8ba9a499_fk_app_retai FOREIGN KEY (provider_id) REFERENCES public.app_retailchain(id) DEFERRABLE INITIALLY DEFERRED;


--
-- Name: app_individualentrepreneur app_individualentrepreneur_user_id_68c9b67e_fk_auth_user_id; Type: FK CONSTRAINT; Schema: public; Owner: alexsey
--

ALTER TABLE ONLY public.app_individualentrepreneur
    ADD CONSTRAINT app_individualentrepreneur_user_id_68c9b67e_fk_auth_user_id FOREIGN KEY (user_id) REFERENCES public.auth_user(id) DEFERRABLE INITIALLY DEFERRED;


--
-- Name: app_retailchain app_retailchain_contact_id_ca45a3b6_fk_app_contact_id; Type: FK CONSTRAINT; Schema: public; Owner: alexsey
--

ALTER TABLE ONLY public.app_retailchain
    ADD CONSTRAINT app_retailchain_contact_id_ca45a3b6_fk_app_contact_id FOREIGN KEY (contact_id) REFERENCES public.app_contact(id) DEFERRABLE INITIALLY DEFERRED;


--
-- Name: app_retailchain_employee app_retailchain_empl_employee_id_c72b989a_fk_app_emplo; Type: FK CONSTRAINT; Schema: public; Owner: alexsey
--

ALTER TABLE ONLY public.app_retailchain_employee
    ADD CONSTRAINT app_retailchain_empl_employee_id_c72b989a_fk_app_emplo FOREIGN KEY (employee_id) REFERENCES public.app_employee(id) DEFERRABLE INITIALLY DEFERRED;


--
-- Name: app_retailchain_employee app_retailchain_empl_retailchain_id_d0964692_fk_app_retai; Type: FK CONSTRAINT; Schema: public; Owner: alexsey
--

ALTER TABLE ONLY public.app_retailchain_employee
    ADD CONSTRAINT app_retailchain_empl_retailchain_id_d0964692_fk_app_retai FOREIGN KEY (retailchain_id) REFERENCES public.app_retailchain(id) DEFERRABLE INITIALLY DEFERRED;


--
-- Name: app_retailchain_product app_retailchain_prod_retailchain_id_646b1558_fk_app_retai; Type: FK CONSTRAINT; Schema: public; Owner: alexsey
--

ALTER TABLE ONLY public.app_retailchain_product
    ADD CONSTRAINT app_retailchain_prod_retailchain_id_646b1558_fk_app_retai FOREIGN KEY (retailchain_id) REFERENCES public.app_retailchain(id) DEFERRABLE INITIALLY DEFERRED;


--
-- Name: app_retailchain_product app_retailchain_product_product_id_f883088f_fk_app_product_id; Type: FK CONSTRAINT; Schema: public; Owner: alexsey
--

ALTER TABLE ONLY public.app_retailchain_product
    ADD CONSTRAINT app_retailchain_product_product_id_f883088f_fk_app_product_id FOREIGN KEY (product_id) REFERENCES public.app_product(id) DEFERRABLE INITIALLY DEFERRED;


--
-- Name: app_retailchain app_retailchain_provider_id_36ada179_fk_app_distributor_id; Type: FK CONSTRAINT; Schema: public; Owner: alexsey
--

ALTER TABLE ONLY public.app_retailchain
    ADD CONSTRAINT app_retailchain_provider_id_36ada179_fk_app_distributor_id FOREIGN KEY (provider_id) REFERENCES public.app_distributor(id) DEFERRABLE INITIALLY DEFERRED;


--
-- Name: app_retailchain app_retailchain_user_id_49c9edbd_fk_auth_user_id; Type: FK CONSTRAINT; Schema: public; Owner: alexsey
--

ALTER TABLE ONLY public.app_retailchain
    ADD CONSTRAINT app_retailchain_user_id_49c9edbd_fk_auth_user_id FOREIGN KEY (user_id) REFERENCES public.auth_user(id) DEFERRABLE INITIALLY DEFERRED;


--
-- Name: auth_group_permissions auth_group_permissio_permission_id_84c5c92e_fk_auth_perm; Type: FK CONSTRAINT; Schema: public; Owner: alexsey
--

ALTER TABLE ONLY public.auth_group_permissions
    ADD CONSTRAINT auth_group_permissio_permission_id_84c5c92e_fk_auth_perm FOREIGN KEY (permission_id) REFERENCES public.auth_permission(id) DEFERRABLE INITIALLY DEFERRED;


--
-- Name: auth_group_permissions auth_group_permissions_group_id_b120cbf9_fk_auth_group_id; Type: FK CONSTRAINT; Schema: public; Owner: alexsey
--

ALTER TABLE ONLY public.auth_group_permissions
    ADD CONSTRAINT auth_group_permissions_group_id_b120cbf9_fk_auth_group_id FOREIGN KEY (group_id) REFERENCES public.auth_group(id) DEFERRABLE INITIALLY DEFERRED;


--
-- Name: auth_permission auth_permission_content_type_id_2f476e4b_fk_django_co; Type: FK CONSTRAINT; Schema: public; Owner: alexsey
--

ALTER TABLE ONLY public.auth_permission
    ADD CONSTRAINT auth_permission_content_type_id_2f476e4b_fk_django_co FOREIGN KEY (content_type_id) REFERENCES public.django_content_type(id) DEFERRABLE INITIALLY DEFERRED;


--
-- Name: auth_user_groups auth_user_groups_group_id_97559544_fk_auth_group_id; Type: FK CONSTRAINT; Schema: public; Owner: alexsey
--

ALTER TABLE ONLY public.auth_user_groups
    ADD CONSTRAINT auth_user_groups_group_id_97559544_fk_auth_group_id FOREIGN KEY (group_id) REFERENCES public.auth_group(id) DEFERRABLE INITIALLY DEFERRED;


--
-- Name: auth_user_groups auth_user_groups_user_id_6a12ed8b_fk_auth_user_id; Type: FK CONSTRAINT; Schema: public; Owner: alexsey
--

ALTER TABLE ONLY public.auth_user_groups
    ADD CONSTRAINT auth_user_groups_user_id_6a12ed8b_fk_auth_user_id FOREIGN KEY (user_id) REFERENCES public.auth_user(id) DEFERRABLE INITIALLY DEFERRED;


--
-- Name: auth_user_user_permissions auth_user_user_permi_permission_id_1fbb5f2c_fk_auth_perm; Type: FK CONSTRAINT; Schema: public; Owner: alexsey
--

ALTER TABLE ONLY public.auth_user_user_permissions
    ADD CONSTRAINT auth_user_user_permi_permission_id_1fbb5f2c_fk_auth_perm FOREIGN KEY (permission_id) REFERENCES public.auth_permission(id) DEFERRABLE INITIALLY DEFERRED;


--
-- Name: auth_user_user_permissions auth_user_user_permissions_user_id_a95ead1b_fk_auth_user_id; Type: FK CONSTRAINT; Schema: public; Owner: alexsey
--

ALTER TABLE ONLY public.auth_user_user_permissions
    ADD CONSTRAINT auth_user_user_permissions_user_id_a95ead1b_fk_auth_user_id FOREIGN KEY (user_id) REFERENCES public.auth_user(id) DEFERRABLE INITIALLY DEFERRED;


--
-- Name: django_admin_log django_admin_log_content_type_id_c4bce8eb_fk_django_co; Type: FK CONSTRAINT; Schema: public; Owner: alexsey
--

ALTER TABLE ONLY public.django_admin_log
    ADD CONSTRAINT django_admin_log_content_type_id_c4bce8eb_fk_django_co FOREIGN KEY (content_type_id) REFERENCES public.django_content_type(id) DEFERRABLE INITIALLY DEFERRED;


--
-- Name: django_admin_log django_admin_log_user_id_c564eba6_fk_auth_user_id; Type: FK CONSTRAINT; Schema: public; Owner: alexsey
--

ALTER TABLE ONLY public.django_admin_log
    ADD CONSTRAINT django_admin_log_user_id_c564eba6_fk_auth_user_id FOREIGN KEY (user_id) REFERENCES public.auth_user(id) DEFERRABLE INITIALLY DEFERRED;


--
-- PostgreSQL database dump complete
--

